,detected_date,marketplace,search_keyword,img_src,href,product_title,price_value,seller_info
0,2022-10-04 19:41:10,Ubuy,daum,https://i5.walmartimages.com/asr/cdeeb5f4-37a3-44cb-9c78-b9eb1e0f61bc.8df07258f4462c605496c3003508d1a3.jpeg?odnHeight=180&odnWidth=180&odnBg=FFFFFF,https://www.ubuy.com.bh/en/product/FYT46RS-potty-training-in-3-days-the-step-by-step-plan-for-a-clean-break-from-dirty-diapers-paperback,Potty Training in 3 Days : The Step-By-Step Plan for a Clean Break from Dirty ...,BHD 5,US Store
1,2022-10-04 19:41:10,Ubuy,daum,https://i5.walmartimages.com/asr/020706a8-08b4-496a-b0af-ece378a00edc.03ff989fbe4ba0a78e45fe538bc0e215.jpeg?odnHeight=180&odnWidth=180&odnBg=ffffff,https://www.ubuy.com.bh/en/product/4KRN1C9P8-the-quality-of-life-report-pre-owned-paperback-b000vyk9v0-meghan-daum,"The Quality of Life Report, Pre-Owned Paperback B000VYK9V0 meghan daum","BHD 4
8",US Store
2,2022-10-04 19:41:10,Ubuy,daum,https://i5.walmartimages.com/asr/c385a70f-050b-4c3f-ac50-8655f88fd29a.e1f3e4218edf5fb14f77f5e37278f731.jpeg?odnHeight=180&odnWidth=180&odnBg=ffffff,https://www.ubuy.com.bh/en/product/4L1E88IXS-pediatric-examination-and-board-review-mcgraw-hill-specialty-board-review-series-pre-owned-paperback-0071423788-9780071423786-robert-daum-jason,"Pediatric Examination and Board Review McGraw-Hill Specialty Board Review Series , ...",BHD 4,US Store
3,2022-10-04 19:41:10,Ubuy,daum,https://i5.walmartimages.com/asr/3fba362f-9a64-442f-8a8c-83cbb1bbaba5.8d3ae441f2b4973d550a431989b41283.jpeg?odnHeight=180&odnWidth=180&odnBg=ffffff,https://www.ubuy.com.bh/en/product/4LZNJ5448-work-is-dangerous-to-your-health-pre-owned-paperback-0394719182-9780394719184-susan-daum,"Work Is Dangerous to Your Health, Pre-Owned Paperback 0394719182 9780394719184 ...","BHD 4
5",US Store
4,2022-10-04 19:41:10,Ubuy,daum,https://i5.walmartimages.com/asr/7a29211e-8034-48a3-b979-407a1c457c12_1.0759514b7f4db56f756c9d69c88ce16b.jpeg?odnHeight=180&odnWidth=180&odnBg=ffffff,https://www.ubuy.com.bh/en/product/4LP39JSZ0-the-quality-of-life-report-pre-owned-hardcover-b0001pg41i-meghan-daum,"The Quality of Life Report, Pre-Owned Hardcover B0001PG41I Meghan Daum",BHD 4,US Store
5,2022-10-04 19:41:10,Ubuy,daum,https://i5.walmartimages.com/asr/f36b17e3-9bd8-48e6-870c-b8624e1a1a18.d0ab351bbbc0bb280d174fe7b11c4a35.jpeg?odnHeight=180&odnWidth=180&odnBg=ffffff,https://www.ubuy.com.bh/en/product/4WFHNJ648-my-misspent-youth-pre-owned-paperback-1250067650-9781250067654-meghan-daum,"My Misspent Youth, Pre-Owned Paperback 1250067650 9781250067654 Meghan Daum",BHD 5,US Store
6,2022-10-04 19:41:10,Ubuy,daum,https://i5.walmartimages.com/asr/9d81c7ba-d6af-4ff9-91f6-5b7705e341f7.cda78e66f7caab498d949c929d749ee5.jpeg?odnHeight=180&odnWidth=180&odnBg=ffffff,https://www.ubuy.com.bh/en/product/4KO12DK26-leadership-a-quick-and-easy-guide-pre-owned-hardcover-0933600127-9780933600126-warren-daum-miles-southworth-adelle-wolf-donna-southworth,"Leadership: A Quick and Easy Guide, Pre-Owned Hardcover 0933600127 9780933600126 ...","BHD 4
5",US Store
7,2022-10-04 19:41:10,Ubuy,daum,https://i5.walmartimages.com/asr/29a7d95a-d6e7-40bd-bcd7-e93a17683097.202e758fddf7d2794ac8b94967782615.jpeg?odnHeight=180&odnWidth=180&odnBg=ffffff,https://www.ubuy.com.bh/en/product/4LZNJ542E-my-misspent-youth-essays-pre-owned-paperback-1890447269-9781890447267-meghan-daum,"My Misspent Youth: Essays, Pre-Owned Paperback 1890447269 9781890447267 Meghan Daum",BHD 4,US Store
8,2022-10-04 19:41:10,Ubuy,daum,https://i5.walmartimages.com/asr/2eb85530-fd20-4544-8dd4-9ad15737ac6a.2219edae213fc69c5de0240f87e17e2f.jpeg?odnHeight=180&odnWidth=180&odnBg=ffffff,https://www.ubuy.com.bh/en/product/4KO12DJOG-life-would-be-perfect-if-i-lived-in-that-house-pre-owned-hardcover-0307270661-9780307270665-meghan-daum,"Life Would Be Perfect If I Lived in That House, Pre-Owned Hardcover 0307270661 ...",BHD 5,US Store
9,2022-10-04 19:41:10,Ubuy,daum,https://i5.walmartimages.com/asr/e14221bc-0e55-49af-b0cc-3136c3b18502.dc8795ca30c9616451c749004c38871d.jpeg?odnHeight=180&odnWidth=180&odnBg=ffffff,https://www.ubuy.com.bh/en/product/4KRN1C9WW-the-quality-of-life-report-pre-owned-paperback-014200443x-9780142004432-meghan-daum,"The Quality of Life Report, Pre-Owned Paperback 014200443X 9780142004432 meghan ...",BHD 5,US Store
10,2022-10-04 19:41:10,Ubuy,daum,https://i5.walmartimages.com/asr/49785a87-96a8-4762-bf83-c1e7131994d3.286cdece87fde31d06494190c3eca312.jpeg?odnHeight=180&odnWidth=180&odnBg=ffffff,https://www.ubuy.com.bh/en/product/4LP39JT8I-roar-get-heard-in-the-sales-and-marketing-jungle-a-business-fable-pre-owned-hardcover-0470598794-9780470598795-kevin-daum,"Roar! Get Heard in the Sales and Marketing Jungle: A Business Fable, Pre-Owned ...","BHD 4
5",US Store
11,2022-10-04 19:41:10,Ubuy,daum,https://i5.walmartimages.com/asr/fe1776f2-1617-4d01-a7fd-09154448f137.6f483f5176abc5f908e9855c7c43f628.jpeg?odnHeight=180&odnWidth=180&odnBg=ffffff,https://www.ubuy.com.bh/en/product/4KRN1C9BS-unspeakable-pre-owned-paperback-1250074924-9781250074928-meghan-daum,"Unspeakable, Pre-Owned Paperback 1250074924 9781250074928 Meghan Daum",BHD 5,US Store
12,2022-10-04 19:41:10,Ubuy,daum,https://i5.walmartimages.com/asr/7a29211e-8034-48a3-b979-407a1c457c12_1.0759514b7f4db56f756c9d69c88ce16b.jpeg?odnHeight=180&odnWidth=180&odnBg=ffffff,https://www.ubuy.com.bh/en/product/4KRN1C9N4-the-quality-of-life-report-pre-owned-hardcover-0670032131-9780670032136-meghan-daum,"The Quality of Life Report, Pre-Owned Hardcover 0670032131 9780670032136 meghan ...",BHD 5,US Store
13,2022-10-04 19:41:10,Ubuy,daum,https://i5.walmartimages.com/asr/f1808826-153a-4e47-9f48-01d96a568b43.0c1472ca94fcb994df485603064a0017.jpeg?odnHeight=180&odnWidth=180&odnBg=ffffff,https://www.ubuy.com.bh/en/product/4KO12DJY8-the-prairie-in-her-eyes-the-breaking-and-making-of-a-dakota-rancher-pre-owned-hardcover-1571312552-9781571312556-ann-daum,"The Prairie in Her Eyes: The Breaking and Making of a Dakota Rancher, Pre-Owned ...","BHD 4
5",US Store
14,2022-10-04 19:41:10,Ubuy,daum,https://i5.walmartimages.com/asr/6ff79e91-f8df-47a9-b539-c12314cead22.bb3cd4af78a0ad28769b2306a0023596.jpeg?odnHeight=180&odnWidth=180&odnBg=ffffff,https://www.ubuy.com.bh/en/product/4KO12DJH2-green-ense-for-the-home-rating-the-real-payoff-from-50-green-home-projects-pre-owned-paperback-160085155x-9781600851551-eric-corey-freed-kevin,"Green$ense for the Home: Rating the Real Payoff from 50 Green Home Projects, ...",BHD 5,US Store
15,2022-10-04 19:41:10,Ubuy,daum,https://i5.walmartimages.com/asr/b9e4f7ba-825c-46a4-a985-38d141b3dbd8.5eb80c7dfe142a3717b120d9cd0c5668.jpeg?odnHeight=180&odnWidth=180&odnBg=ffffff,https://www.ubuy.com.bh/en/product/4Y2MX7K4O-walking-with-garbo-conversations-and-recollections-pre-owned-paperback-0060923555-9780060923556-raymond-daum,"Walking With Garbo: Conversations and Recollections, Pre-Owned Paperback ...",BHD 5,US Store
16,2022-10-04 19:41:10,Ubuy,daum,https://i5.walmartimages.com/asr/08f74be1-bf7e-47ab-bf8c-9d11547b7c4e.187d2fe2fb05ad9bbe6fec8cbeccf28e.jpeg?odnHeight=180&odnWidth=180&odnBg=ffffff,https://www.ubuy.com.bh/en/product/4SKNII6FW-the-problem-with-everything-my-journey-through-the-new-culture-wars-pre-owned-hardcover-1982129336-9781982129330-meghan-daum,"The Problem with Everything: My Journey Through the New Culture Wars, Pre-Owned ...",BHD 5,US Store
17,2022-10-04 19:41:10,Ubuy,daum,https://i5.walmartimages.com/asr/d8a621fa-84bf-4e43-8831-650762ea72bc.b85628fd0af8748375bd8a9cdb9a9374.gif?odnHeight=180&odnWidth=180&odnBg=ffffff,https://www.ubuy.com.bh/en/product/79PXR8S0G-roar-get-heard-in-the-sales-and-marketing-jungle-pre-owned-paperback-0975974319-9780975974315-kevin-daum,"Roar! Get Heard in the Sales and Marketing Jungle, Pre-Owned Paperback 0975974319 ...",BHD 4,US Store
18,2022-10-04 19:41:10,Ubuy,daum,https://i5.walmartimages.com/asr/da0f5d64-8698-4007-9955-f4bd480dec0f.9c8ae3090efc7270df14078f954dc9a4.jpeg?odnHeight=180&odnWidth=180&odnBg=ffffff,https://www.ubuy.com.bh/en/product/4L1E88J7A-your-insiders-guide-to-retirement-the-practical-guide-to-transitioning-from-working-to-retirement-pre-owned-library-binding-1642792748,Your Insiders Guide to Retirement: The Practical Guide to Transitioning from ...,BHD 4,US Store
19,2022-10-04 19:41:10,Ubuy,daum,https://i5.walmartimages.com/asr/4b571be0-c9e3-4768-94c0-f67ee41ab838.a8bcbc89bd01658aae331db005067b74.jpeg?odnHeight=180&odnWidth=180&odnBg=ffffff,https://www.ubuy.com.bh/en/product/4KRN1C9FQ-the-unspeakable-and-other-subjects-of-discussion-pre-owned-hardcover-0374280444-9780374280444-meghan-daum,"The Unspeakable: And Other Subjects of Discussion, Pre-Owned Hardcover 0374280444 ...",BHD 5,US Store
20,2022-10-04 19:41:10,Ubuy,daum,https://i5.walmartimages.com/asr/0040f5d3-8918-4e3d-a4de-be954a23a0d8.e3d9251d13704ceaf7307bce9fd34fc2.jpeg?odnHeight=180&odnWidth=180&odnBg=ffffff,https://www.ubuy.com.bh/en/product/4MDM8EZC0-you-need-a-leader-now-what-how-to-choose-the-best-person-for-your-organization-pre-owned-hardcover-0307587797-9780307587794-james-m-citrin,"You Need a Leader-Now What?: How to Choose the Best Person for Your Organization, ...",BHD 5,US Store
21,2022-10-04 19:41:10,Ubuy,daum,https://i5.walmartimages.com/asr/0aaa3a59-36fa-45ae-9ccb-72d5f2473d41.92e7545eedbf0931d9710b38d5281ab6.jpeg?odnHeight=180&odnWidth=180&odnBg=ffffff,https://www.ubuy.com.bh/en/product/4KO12DK02-life-would-be-perfect-if-i-lived-in-that-house-pre-owned-paperback-0307454843-9780307454843-meghan-daum,"Life Would Be Perfect If I Lived in That House, Pre-Owned Paperback 0307454843 ...",BHD 5,US Store
22,2022-10-04 19:41:10,Ubuy,daum,https://i5.walmartimages.com/asr/c3b73be7-facf-4428-ba8a-fbe5200718f3.a631601f94f1dc355ca7fd19a4097ba1.jpeg?odnHeight=180&odnWidth=180&odnBg=ffffff,https://www.ubuy.com.bh/en/product/4L1E88I8G-video-marketing-for-dummies-pre-owned-paperback-1118188764-9781118188767-kevin-daum-bettina-hein-matt-scott-andreas-goeldi,"Video Marketing For Dummies, Pre-Owned Paperback 1118188764 9781118188767 Kevin ...","BHD 4
5",US Store
23,2022-10-04 19:41:10,Ubuy,daum,https://i5.walmartimages.com/asr/0217b22d-92f5-40d3-9b45-a2f0dbd4f810.59af3b2138e8307ef357c88fb66a3c81.jpeg?odnHeight=180&odnWidth=180&odnBg=ffffff,https://www.ubuy.com.bh/en/product/4KRN1C9DM-the-prairie-in-her-eyes-the-world-as-home-pre-owned-paperback-1571312684-9781571312686-ann-daum,"The Prairie in Her Eyes The World As Home , Pre-Owned Paperback 1571312684 ...",BHD 4,US Store
24,2022-10-04 19:41:10,Ubuy,daum,https://i5.walmartimages.com/asr/d7fdb2ef-3333-4cef-8cb3-902685356816.d21b90b78a4c5de26a5a6308b30c3a0f.jpeg?odnHeight=180&odnWidth=180&odnBg=ffffff,https://www.ubuy.com.bh/en/product/4L1E8154E-the-little-hawaiian-rainbow-pre-owned-hardcover-0896103536-9780896103535-stacey-daum,"The Little Hawaiian Rainbow, Pre-Owned Hardcover 0896103536 9780896103535 Stacey ...",BHD 5,US Store
25,2022-10-04 19:41:10,Ubuy,daum,https://i5.walmartimages.com/asr/302e317f-4bfe-4fe8-9c47-7973fef25b86.57175cd8929e417ce3517f0681402928.jpeg?odnHeight=180&odnWidth=180&odnBg=ffffff,https://www.ubuy.com.bh/en/product/4LP39JT6O-vietnamese-memories-vol-1-leaving-saigon-1-pre-owned-paperback-1594656584-9781594656583-clment-baloup-pierre-daum,"Vietnamese Memories Vol.1: Leaving Saigon 1 , Pre-Owned Paperback 1594656584 ...","BHD 6
7",US Store
26,2022-10-04 19:41:10,Ubuy,daum,https://i5.walmartimages.com/asr/8c0c40c4-65bf-4c6c-92ef-e840e2eafc09_1.82897bf7da3f2440c5e2899f8cf3b5d8.jpeg?odnHeight=180&odnWidth=180&odnBg=ffffff,https://www.ubuy.com.bh/en/product/541YY6EWM-mental-voyager-voiceland-a-gerhard-daum-project,Mental Voyager - Voiceland - A Gerhard Daum Project,BHD 15,US Store
27,2022-10-04 19:41:10,Ubuy,daum,https://i5.walmartimages.com/asr/51158420-56e7-4be7-8f5b-0da97ab9648e_1.69b661821e86ab229b57651ad71a60a5.jpeg?odnHeight=180&odnWidth=180&odnBg=ffffff,https://www.ubuy.com.bh/en/product/7ILDYQCNM-daum-9780847816682-used-pre-owned,Daum 9780847816682 Used / Pre-owned,BHD 26,US Store
28,2022-10-04 19:41:10,Ubuy,daum,https://i5.walmartimages.com/asr/50c508ff-48dc-4955-9c07-db07b5f92793.5928b519f06322d55660c919a2b30b8f.jpeg?odnHeight=180&odnWidth=180&odnBg=ffffff,https://www.ubuy.com.bh/en/product/1MVBQGNS-daum-pimp-up-your-life-16012-disney-star-wars-shape-cushion-bb-8-plush-toy-19-cm,Daum Pimp Up Your Life 16012 Disney Star Wars Shape Cushion BB-8 Plush Toy 19 cm,BHD 15,US Store
29,2022-10-04 19:41:10,Ubuy,daum,https://i5.walmartimages.com/asr/ad0d885b-6728-4d49-adc3-bbac3ce977c2.fe55580cdf935acbd7df4d9206b26163.jpeg?odnHeight=180&odnWidth=180&odnBg=ffffff,https://www.ubuy.com.bh/en/product/79PXR8S2K-les-romanesques-comdie-en-trois-actes-en-vers-par-edmond-rostand-edited-with-preface-introduction-and-notes-by-henry-le-daum-vocabulary-by,"Les romanesques; comdie en trois actes en vers, par Edmond Rostand; edited with ...",BHD 26,US Store
30,2022-10-04 19:41:11,Ubuy,daum,https://i5.walmartimages.com/asr/b637a149-20aa-49f7-bce3-4c9eace39f48.ef74425ac348d6049b883a8c4c37002b.jpeg?odnHeight=180&odnWidth=180&odnBg=ffffff,https://www.ubuy.com.bh/en/product/7ILDYQCPQ-aboe-bakar-indische-roman-door-maurits-i-e-p-a-daum-1894-leatherbound,Aboe bakar : Indische roman / door Maurits [i. e. P. A. Daum] (1894) [Leatherbound],BHD 28,US Store
31,2022-10-04 19:41:11,Ubuy,daum,https://i5.walmartimages.com/asr/ed1815d3-2018-4c47-b120-74f652e7ed47_1.286f895c2877b6560c941f7e974b6a13.jpeg?odnHeight=180&odnWidth=180&odnBg=ffffff,https://www.ubuy.com.bh/en/product/1MVBQGLY-studies-in-early-modern-european-history-daum-s-boys-schools-and-the-republic-of-letters-in-early-mo,Studies in Early Modern European History: Daums Boys : Schools and the Republic of ...,BHD 73,US Store
32,2022-10-04 19:41:11,Ubuy,daum,https://i5.walmartimages.com/asr/09522ac3-b487-4a8c-8816-aa91ec7f4029.95cf55faa4529dd5910a1ff8aec8291c.png?odnHeight=180&odnWidth=180&odnBg=ffffff,https://www.ubuy.com.bh/en/product/4JGE0L4ZG-of-course-im-right-im-a-daum-ceramic-15oz-white-mug-white,"Of Course Im Right! Im A Daum! - Ceramic 15oz White Mug, White",BHD 14,US Store
33,2022-10-04 19:41:11,Ubuy,daum,https://i5.walmartimages.com/asr/927560f7-f2b1-486f-bc7e-61bafb852e2f_1.b33f3cb04560d96c68f06fe8c22b462f.jpeg?odnHeight=180&odnWidth=180&odnBg=ffffff,https://www.ubuy.com.bh/en/product/1MVBQI5M-businessplan-mobillig-gmbh-paperback,Businessplan Mobillig GmbH (Paperback),BHD 10,US Store
34,2022-10-04 19:41:11,Ubuy,daum,https://i5.walmartimages.com/asr/ece2c6ab-33cd-47b9-9d20-9f4362735ec7.7b4b76eb8c6c3225d89f54f4e58595d9.jpeg?odnHeight=180&odnWidth=180&odnBg=ffffff,https://www.ubuy.com.bh/en/product/7ILDYQG08-green-ense-for-the-home-rating-the-real-payoff-from-50-green-home-projects-9781600851551-used-pre-owned,Green$ense for the Home : Rating the Real Payoff from 50 Green Home Projects ...,BHD 5,US Store
35,2022-10-04 19:41:11,Ubuy,daum,https://i5.walmartimages.com/asr/2d90de0f-b6af-4490-87ad-8f0eb0ca0d84.350786a48eb687c91673e28558899816.jpeg?odnHeight=180&odnWidth=180&odnBg=ffffff,https://www.ubuy.com.bh/en/product/4R8YOMMY4-the-new-gilded-age-the-new-yorker-looks-at-the-culture-of-affluence-pre-owned-hardcover-0375505415-9780375505416-remnick-david,"The New Gilded Age: The New Yorker Looks at the Culture of Affluence, Pre-Owned ...",BHD 5,US Store
36,2022-10-04 19:41:11,Ubuy,daum,https://i5.walmartimages.com/asr/fb026e60-b81b-42b1-8908-5171aa0e26a7.ed4f000876a04c8626b8e464509bb89b.jpeg?odnHeight=180&odnWidth=180&odnBg=ffffff,https://www.ubuy.com.bh/en/product/4WFHNJ6E0-how-to-persuade-people-who-dont-want-to-be-persuaded-get-what-you-want-every-time-pre-owned-hardcover-0471647977-9780471647973-joel-bauer,How to Persuade People Who Dont Want to be Persuaded: Get What You Want-Every ...,BHD 5,US Store
37,2022-10-04 19:41:11,Ubuy,daum,https://i5.walmartimages.com/asr/ad0d885b-6728-4d49-adc3-bbac3ce977c2.fe55580cdf935acbd7df4d9206b26163.jpeg?odnHeight=180&odnWidth=180&odnBg=ffffff,https://www.ubuy.com.bh/en/product/79HX81HVG-studies-of-parathion-and-ddt-residues-on-mcintosh-apples-richard-j-daum-and-james-e-dewey-volume-v-386-1963-1963-leather-bound,Studies of parathion and DDT residues on McIntosh apples / Richard J. Daum and ...,BHD 24,US Store
38,2022-10-04 19:41:11,Ubuy,daum,https://i5.walmartimages.com/asr/b637a149-20aa-49f7-bce3-4c9eace39f48.ef74425ac348d6049b883a8c4c37002b.jpeg?odnHeight=180&odnWidth=180&odnBg=ffffff,https://www.ubuy.com.bh/en/product/7ILDYQG2C-aboe-bakar-indische-roman-door-maurits-i-e-p-a-daum-volume-1-2-1894-leatherbound,Aboe bakar : Indische roman / door Maurits [i. e. P. A. Daum]. Volume 1-2 (1894) ...,BHD 28,US Store
39,2022-10-04 19:41:11,Ubuy,daum,https://i5.walmartimages.com/asr/a540ad90-3b65-4817-91f8-22bf36adeec7_1.eb848ffae9ac0e3c235e65429495806e.jpeg?odnHeight=180&odnWidth=180&odnBg=ffffff,https://www.ubuy.com.bh/en/product/1MVBQH8W-my-misspent-youth-essays-paperback,My Misspent Youth : Essays (Paperback),BHD 9,US Store
40,2022-10-04 19:41:11,Ubuy,daum,https://i5.walmartimages.com/asr/9e94247c-bfae-4f00-aa18-468958beb420_1.b39246a3513ae00a9cc05799080cacd8.jpeg?odnHeight=180&odnWidth=180&odnBg=ffffff,https://www.ubuy.com.bh/en/product/41GF5HRU0-atypische-beschftigung-teilzeitarbeit-befristete-beschftigung-und-leiharbeit-in-deutschland-und-grobritannien-paperback,"Atypische Beschftigung : Teilzeitarbeit, befristete Beschftigung und Leiharbeit in ...",BHD 22,US Store
41,2022-10-04 19:41:11,Ubuy,daum,https://i.ebayimg.com/thumbs/images/g/JkYAAOSwO-ljOIJ-/s-l225.jpg,https://www.ubuy.com.bh/en/product/7MUX3APNC-new-daum-crystal-mini-rose-passion-vase-green-pink-05264-1-c-brand-nib-f-sh,NEW DAUM CRYSTAL MINI ROSE PASSION VASE GREEN & PINK #05264-1/C BRAND NIB F/SH,BHD 138,US Store
42,2022-10-04 19:41:11,Ubuy,daum,https://i.ebayimg.com/thumbs/images/g/nyUAAOSwn21i1DrF/s-l225.jpg,https://www.ubuy.com.bh/en/product/5C6VE2S86-new-daum-crystal-mini-amber-tulip-vase-05158-c-brand-nib-french-save-f-sh,NEW DAUM CRYSTAL MINI AMBER TULIP VASE #05158/C BRAND NIB FRENCH SAVE$$ F/SH,BHD 138,US Store
43,2022-10-04 19:41:11,Ubuy,daum,https://i.ebayimg.com/thumbs/images/g/YyYAAOSwfQ1hhsyq/s-l225.jpg,https://www.ubuy.com.bh/en/product/4CW49CKYC-new-daum-numbered-ed-rose-passion-green-pink-vase-small-05287-brand-nib-f-sh,NEW DAUM NUMBERED ED ROSE PASSION GREEN & PINK VASE SMALL #05287 BRAND NIB F/SH,BHD 711,US Store
44,2022-10-04 19:41:11,Ubuy,daum,https://i.ebayimg.com/thumbs/images/g/8FEAAOSwilNdp0O2/s-l225.jpg,https://www.ubuy.com.bh/en/product/165QA2LLS-daum-fig-lizard-vase,Daum Fig & Lizard Vase,BHD 312,US Store
45,2022-10-04 19:41:11,Ubuy,daum,https://i.ebayimg.com/thumbs/images/g/Os8AAOSwkNRh7GoA/s-l225.jpg,https://www.ubuy.com.bh/en/product/7C3TH5YU8-daum-crystal-numbered-ed-snake-vase-green-grey-05249-2-brand-nib-rare-f-sh,DAUM CRYSTAL NUMBERED ED. SNAKE VASE GREEN & GREY #05249-2 BRAND NIB RARE F/SH,BHD 2144,US Store
46,2022-10-04 19:41:11,Ubuy,daum,https://i.ebayimg.com/thumbs/images/g/sHIAAOSwaxFhKAEs/s-l225.jpg,https://www.ubuy.com.bh/en/product/3NBT57PEC-daum-crystal-numbered-ed-fleur-de-paon-vase-small-05694-brand-nib-colorful-f-s,DAUM CRYSTAL NUMBERED ED. FLEUR DE PAON VASE SMALL #05694 BRAND NIB COLORFUL F/S,BHD 697,US Store
47,2022-10-04 19:41:11,Ubuy,daum,https://i.ebayimg.com/thumbs/images/g/p5UAAOSwmzthO6Px/s-l225.jpg,https://www.ubuy.com.bh/en/product/41QML01IW-new-daum-crystal-numbered-ed-cattleya-vase-by-emilio-robba-03847-brand-nib-f-s,NEW DAUM CRYSTAL NUMBERED ED. CATTLEYA VASE BY EMILIO ROBBA #03847 BRAND NIB F/S,BHD 716,US Store
48,2022-10-04 19:41:11,Ubuy,daum,https://i.ebayimg.com/thumbs/images/g/2voAAOSwFzZidsix/s-l225.jpg,https://www.ubuy.com.bh/en/product/Z2ILNB2C-daum-crystal-labrador-with-ball-pate-de-verre-chien-puppy-dog-w-ball-nib,"DAUM CRYSTAL LABRADOR WITH BALL PATE DE VERRE, CHIEN PUPPY DOG w/ BALL, NIB",BHD 78,US Store
49,2022-10-04 19:41:11,Ubuy,daum,https://i.ebayimg.com/thumbs/images/g/N8kAAOSwMxRjIIea/s-l225.jpg,https://www.ubuy.com.bh/en/product/7ILDYQHXM-daum-france-crystal-medium-coral-sea-vase-factory-new,"Daum France Crystal Medium Coral Sea Vase, Factory New",BHD 1001,US Store
50,2022-10-04 19:41:11,Ubuy,daum,https://i.ebayimg.com/thumbs/images/g/1fUAAOSwOkBhhsxi/s-l225.jpg,https://www.ubuy.com.bh/en/product/4CW49CKFC-new-daum-numbered-ed-rose-passion-blue-purple-vase-small-05287-3-brand-nib-fs,NEW DAUM NUMBERED ED ROSE PASSION BLUE & PURPLE VASE SMALL #05287-3 BRAND NIB FS,BHD 711,US Store
51,2022-10-04 19:41:11,Ubuy,daum,https://i.ebayimg.com/thumbs/images/g/jHUAAOSwa4thLU3j/s-l225.jpg,https://www.ubuy.com.bh/en/product/3NBT57OYS-daum-france-hippopotamus-turquoise-pate-de-verre-crystal-mib-02459,Daum France Hippopotamus Turquoise Pate de Verre Crystal MIB 02459,BHD 307,US Store
52,2022-10-04 19:41:11,Ubuy,daum,https://i.ebayimg.com/thumbs/images/g/iAoAAOSw4NtiIOYm/s-l225.jpg,https://www.ubuy.com.bh/en/product/4Q0V28JW8-daum-france-crystal-039-mini-amber-puppy-standing-039-figurine-factory-new,"Daum France Crystal 'Mini Amber Puppy Standing' Figurine, Factory New",BHD 104,US Store
53,2022-10-04 19:41:11,Ubuy,daum,https://i.ebayimg.com/thumbs/images/g/ipYAAOSws6RehPjj/s-l225.jpg,https://www.ubuy.com.bh/en/product/47NB30HRS-vintage-daum-crystal-pate-de-verre-rooster-ring-holder-price-for-1-only,"VINTAGE DAUM CRYSTAL PATE DE VERRE ROOSTER RING HOLDER , Price for 1 only",BHD 156,US Store
54,2022-10-04 19:41:11,Ubuy,daum,https://secureir.ebaystatic.com/pictures/aw/pics/stockimage1.jpg,https://www.ubuy.com.bh/en/product/5A9JM7PFE-daum-france-crystal-bird-sculpture,Daum France Crystal Bird Sculpture,BHD 31,US Store
55,2022-10-04 19:41:11,Ubuy,daum,https://i.ebayimg.com/thumbs/images/g/aqYAAOSwUiBiMhvA/s-l225.jpg,https://www.ubuy.com.bh/en/product/4Q0V28K06-daum-france-crystal-violet-small-039-camelia-039-vase-numbered-factory-new,"Daum France Crystal Violet Small 'Camelia' Vase, Numbered, Factory New",BHD 647,US Store
56,2022-10-04 19:41:11,Ubuy,daum,https://i.ebayimg.com/thumbs/images/g/mXYAAOSwAyhh8xqX/s-l225.jpg,https://www.ubuy.com.bh/en/product/4JCF0GMJS-daum-france-crystal-small-red-tulip-vase-factory-new,"Daum France Crystal Small Red Tulip Vase, Factory New",BHD 659,US Store
57,2022-10-04 19:41:11,Ubuy,daum,https://i.ebayimg.com/thumbs/images/g/YyEAAOSwdUdgLGLQ/s-l225.jpg,https://www.ubuy.com.bh/en/product/3PQA48WXQ-nib-flawless-exquisite-daum-france-crystal-flame-figurine-paperweight-sculpture,NIB FLAWLESS Exquisite DAUM France Crystal FLAME Figurine Paperweight Sculpture,BHD 67,US Store
58,2022-10-04 19:41:11,Ubuy,daum,https://i.ebayimg.com/thumbs/images/g/wNkAAOSwU39jL5i6/s-l225.jpg,https://www.ubuy.com.bh/en/product/7ILDYQHK6-daum-france-x-christian-ghion-medium-sand-crystal-vase-violet-ltd-edition-7500,Daum France x Christian Ghion Medium Sand Crystal Vase Violet Ltd Edition $7500,BHD 2174,US Store
59,2022-10-04 19:41:11,Ubuy,daum,https://i.ebayimg.com/thumbs/images/g/iFwAAOSw7b5gw8yT/s-l225.jpg,https://www.ubuy.com.bh/en/product/Z2ILNAF4-daum-iris-purple-flower-brand-new-in-box-02503-1-crystal-love-france-f-sh,NEW DAUM CRYSTAL IRIS DECORATIVE PURPLE FLOWER #02503-1 BRAND NIB FRANCE F/SH,BHD 217,US Store
60,2022-10-04 19:41:11,Ubuy,daum,https://i.ebayimg.com/thumbs/images/g/XOAAAOSwYtJh9uei/s-l225.jpg,https://www.ubuy.com.bh/en/product/4JCF0GJ90-new-daum-crystal-numbered-ed-amber-grey-eagle-figurine-02676-1-brand-nib-f-s,NEW DAUM CRYSTAL NUMBERED ED. AMBER & GREY EAGLE FIGURINE #02676-1 BRAND NIB F/S,BHD 1025,US Store
61,2022-10-04 19:41:11,Ubuy,daum,https://i.ebayimg.com/thumbs/images/g/fjUAAOSwtSFh9ul3/s-l225.jpg,https://www.ubuy.com.bh/en/product/4JCF0GMV4-new-daum-crystal-butterfly-blue-green-figurine-05737-1-brand-nib-save-f-sh,NEW DAUM CRYSTAL BUTTERFLY BLUE-GREEN FIGURINE #05737-1 BRAND NIB SAVE$$ F/SH,BHD 157,US Store
62,2022-10-04 19:41:11,Ubuy,daum,https://i.ebayimg.com/thumbs/images/g/QCUAAOSwxKFhw4AB/s-l225.jpg,https://www.ubuy.com.bh/en/product/4CW49CK5K-new-listing-daum-crystal-numbered-ed-lioness-cubs-figurine-05708-brand-nib-save-f-sh,DAUM CRYSTAL NUMBERED ED. LIONESS & CUBS FIGURINE #05708 BRAND NIB SAVE$$ F/SH,BHD 350,US Store
63,2022-10-04 19:41:11,Ubuy,daum,https://i.ebayimg.com/thumbs/images/g/ru4AAOSwqdhiI8TL/s-l225.jpg,https://www.ubuy.com.bh/en/product/4LNZ7AULC-daum-crystal-panther-amber-figurine-02466-1-brand-nib-power-strength-large-f-sh,DAUM CRYSTAL PANTHER AMBER FIGURINE #02466-1 BRAND NIB POWER STRENGTH LARGE F/SH,BHD 788,US Store
64,2022-10-04 19:41:11,Ubuy,daum,https://i.ebayimg.com/thumbs/images/g/4MAAAOSw2QVhJooT/s-l225.jpg,https://www.ubuy.com.bh/en/product/7ILDYQI74-daum-crystal-numbered-ed-fleur-de-paon-vase-large-05692-brand-nib-colorful-f-s,DAUM CRYSTAL NUMBERED ED. FLEUR DE PAON VASE LARGE #05692 BRAND NIB COLORFUL F/S,BHD 3571,US Store
65,2022-10-04 19:41:11,Ubuy,daum,https://i.ebayimg.com/thumbs/images/g/i7cAAOSwuY1iu0Ej/s-l225.jpg,https://www.ubuy.com.bh/en/product/55Y9V8N5O-daum-crystal-tortue-turtle-02188-amber-mib-signed,"DAUM CRYSTAL TORTUE TURTLE 02188 , AMBER, MIB, SIGNED",BHD 116,US Store
66,2022-10-04 19:41:11,Ubuy,daum,https://i.ebayimg.com/thumbs/images/g/Z24AAOSwEHhiof0L/s-l225.jpg,https://www.ubuy.com.bh/en/product/541YYMRS4-daum-10-vase-soliflor-marly-gris-pate-de-verre-horses-flower-in-original-box,"Daum 10"" Vase Soliflor Marly Gris Pate De Verre ""Horses"" Flower in Original Box",BHD 214,US Store
67,2022-10-04 19:41:11,Ubuy,daum,https://i.ebayimg.com/thumbs/images/g/BQwAAOSwPjBjOF9q/s-l225.jpg,https://www.ubuy.com.bh/en/product/7MUX3APP6-gorgeous-and-most-wanted-daum-camelia-vase,Gorgeous and most wanted Daum Camelia Vase,BHD 518,US Store
68,2022-10-04 19:41:12,Ubuy,daum,https://i.ebayimg.com/thumbs/images/g/cdsAAOSwHjxjOGHT/s-l225.jpg,https://www.ubuy.com.bh/en/product/7MUX3APRA-gorgeous-and-most-wanted-daum-camelia-vase,Gorgeous and most wanted Daum Camelia Vase,BHD 518,US Store
69,2022-10-04 19:41:12,Ubuy,daum,https://i.ebayimg.com/thumbs/images/g/P5kAAOSw-UBjOGao/s-l225.jpg,https://www.ubuy.com.bh/en/product/7MUX3APYO-gorgeous-and-most-wanted-daum-roses-vase,Gorgeous and most wanted Daum Roses Vase,BHD 528,US Store
70,2022-10-04 19:41:12,Ubuy,daum,https://i.ebayimg.com/thumbs/images/g/xUsAAOSw7X1jOGW2/s-l225.jpg,https://www.ubuy.com.bh/en/product/7MUX3AQ0S-daum-coupe-violet-camelia,Daum Coupe violet Camelia,BHD 257,US Store
71,2022-10-04 19:41:12,Ubuy,daum,https://i.ebayimg.com/thumbs/images/g/PZsAAOSwRJthz1Vm/s-l225.jpg,https://www.ubuy.com.bh/en/product/4EVB09F12-daum-crystal-amber-fish-in-green-anemone-figurine-small-05458-c-brand-nib-f-sh,DAUM CRYSTAL AMBER FISH IN GREEN ANEMONE FIGURINE SMALL #05458/C BRAND NIB F/SH,BHD 152,US Store
72,2022-10-04 19:41:12,Ubuy,daum,https://i.ebayimg.com/thumbs/images/g/y-gAAOSwiJxhMSgV/s-l225.jpg,https://www.ubuy.com.bh/en/product/3PQA48W34-new-daum-crystal-ginkgo-leaf-green-figurine-03572-brand-nib-save-nature-f-sh,NEW DAUM CRYSTAL GINKGO LEAF GREEN FIGURINE #03572 BRAND NIB SAVE$$ NATURE F/SH,BHD 129,US Store
73,2022-10-04 19:41:12,Ubuy,daum,https://i.ebayimg.com/thumbs/images/g/gOoAAOSw0z9hO6Zb/s-l225.jpg,https://www.ubuy.com.bh/en/product/41GF5I1QS-new-daum-crystal-numbered-ed-ultraviolet-tulip-vase-small-05213-2-brand-nib-f-s,NEW DAUM CRYSTAL NUMBERED ED ULTRAVIOLET TULIP VASE SMALL #05213-2 BRAND NIB F/S,BHD 711,US Store
74,2022-10-04 19:41:12,Ubuy,daum,https://i.ebayimg.com/thumbs/images/g/jpEAAOSwawdhAEhU/s-l225.jpg,https://www.ubuy.com.bh/en/product/3NBT57TX6-daum-crystal-amber-budgerigars-bird-couple-figurine-02681-1-brand-nib-save-f-s,DAUM CRYSTAL AMBER BUDGERIGARS BIRD COUPLE FIGURINE #02681-1 BRAND NIB SAVE$ F/S,BHD 224,US Store
75,2022-10-04 19:41:12,Ubuy,daum,https://i.ebayimg.com/thumbs/images/g/BVkAAOSw6oZg7f41/s-l225.jpg,https://www.ubuy.com.bh/en/product/1GZ1024VO-daum-crystal-amber-panther-on-green-tree-figurine-05027-2-brand-nib-power-f-sh,DAUM CRYSTAL AMBER PANTHER ON GREEN TREE FIGURINE #05027-2 BRAND NIB POWER F/SH,BHD 669,US Store
76,2022-10-04 19:41:12,Ubuy,daum,https://i.ebayimg.com/thumbs/images/g/2zYAAOxyBjBTRx7E/s-l225.jpg,https://www.ubuy.com.bh/en/product/7ILDYQIGW-daum-france-cased-cut-crystal-paperweight-with-blue-flower-1980-in-original-case,DAUM FRANCE CASED CUT CRYSTAL PAPERWEIGHT WITH BLUE FLOWER 1980 In original case,BHD 190,US Store
77,2022-10-04 19:41:12,Ubuy,daum,https://i.ebayimg.com/thumbs/images/g/r~0AAOSwUHhjJpgx/s-l225.jpg,https://www.ubuy.com.bh/en/product/7ILDYQHVS-daum-france-rose-bowl-pate-de-verre-crystal-5-pink-green,"Daum France Rose Bowl Pate de Verre Crystal 5"" Pink Green",BHD 478,US Store
78,2022-10-04 19:41:12,Ubuy,daum,https://i.ebayimg.com/thumbs/images/g/ZnMAAOSwhedhmUTZ/s-l225.jpg,https://www.ubuy.com.bh/en/product/7ILDYQIKU-new-daum-crystal-numbered-ed-ultraviolet-tulip-vase-large-03574-6-brand-nib-f-s,NEW DAUM CRYSTAL NUMBERED ED ULTRAVIOLET TULIP VASE LARGE #03574-6 BRAND NIB F/S,BHD 2657,US Store
79,2022-10-04 19:41:12,Ubuy,daum,https://i.ebayimg.com/thumbs/images/g/A2kAAOSw-Qdgkbbi/s-l225.jpg,https://www.ubuy.com.bh/en/product/1GQENPFBQ-daum-crystal-budgerigars-lovebirds-on-branch-02341-brand-nib-animal-colorful-fs,DAUM CRYSTAL BUDGERIGARS LOVEBIRDS ON BRANCH #02341 BRAND NIB ANIMAL COLORFUL FS,BHD 911,US Store
80,2022-10-04 19:41:12,Ubuy,daum,https://i.ebayimg.com/thumbs/images/g/vgwAAOSwBkthX1DL/s-l225.jpg,https://www.ubuy.com.bh/en/product/40Q0I4R2S-daum-crystal-numbered-ed-owl-on-book-amber-figurine-03465-1-brand-nib-wise-f-sh,DAUM CRYSTAL NUMBERED ED OWL ON BOOK AMBER FIGURINE #03465-1 BRAND NIB WISE F/SH,BHD 217,US Store
81,2022-10-04 19:41:12,Ubuy,daum,https://i.ebayimg.com/thumbs/images/g/WgIAAOSwUZxh-bLE/s-l225.jpg,https://www.ubuy.com.bh/en/product/4JCF0GJ6W-daum-france-pate-de-verre-cameila-small-rose-crystal-art-glass-vase,DAUM France Pate De Verre Cameila Small Rose Crystal Art Glass Vase,BHD 714,US Store
82,2022-10-04 19:41:12,Ubuy,daum,https://i.ebayimg.com/thumbs/images/g/0-YAAOSwsnFiWa7S/s-l225.jpg,https://www.ubuy.com.bh/en/product/7C2L2ZFKK-daum-france-crystal-039-sweet-garden-039-decorative-flower-figurine-new-in-box,"Daum France Crystal 'Sweet Garden' Decorative Flower Figurine, New in Box",BHD 283,US Store
83,2022-10-04 19:41:12,Ubuy,daum,https://i.ebayimg.com/thumbs/images/g/9WMAAOSwaGpg-ydy/s-l225.jpg,https://www.ubuy.com.bh/en/product/41QMKI8VS-new-daum-crystal-mini-hippopotamus-figurine-05134-c-brand-nib-cute-save-f-sh,NEW DAUM CRYSTAL MINI HIPPOPOTAMUS FIGURINE #05134/C BRAND NIB CUTE SAVE$$ F/SH,BHD 131,US Store
84,2022-10-04 19:41:12,Ubuy,daum,https://i.ebayimg.com/thumbs/images/g/QJEAAOSwZqFjL26C/s-l225.jpg,https://www.ubuy.com.bh/en/product/7ILDYQHM0-daum-crystal-mini-french-bulldog-figurine-05262-2-c-brand-nib-save-cute-f-sh,DAUM CRYSTAL MINI FRENCH BULLDOG FIGURINE #05262-2/C BRAND NIB SAVE$$ CUTE F/SH,BHD 126,US Store
85,2022-10-04 19:41:12,Ubuy,daum,https://i.ebayimg.com/thumbs/images/g/Z-sAAOSwAfZhks07/s-l225.jpg,https://www.ubuy.com.bh/en/product/4XUGRQOA8-daum-crystal-mini-rhinoceros-amber-grey-figurine-05259-1-c-brand-nib-save-fs,DAUM CRYSTAL MINI RHINOCEROS AMBER & GREY FIGURINE #05259-1/C BRAND NIB SAVE$ FS,BHD 117,US Store
86,2022-10-04 19:41:12,Ubuy,daum,https://i.ebayimg.com/thumbs/images/g/b4kAAOSw9LFi-qF7/s-l225.jpg,https://www.ubuy.com.bh/en/product/7MUX3AQ8G-daum-crystal-bunny-rabbit-paperweight-figurine-new-in-box-france-signed,DAUM CRYSTAL BUNNY RABBIT PAPERWEIGHT FIGURINE-NEW IN BOX-FRANCE-SIGNED,BHD 40,US Store
87,2022-10-04 19:41:12,Ubuy,daum,https://i.ebayimg.com/thumbs/images/g/bqoAAOSwuZphMR70/s-l225.jpg,https://www.ubuy.com.bh/en/product/3PQA48WCM-daum-crystal-coral-sea-amber-red-starfish-figurine-05711-1-brand-nib-save-f-sh,DAUM CRYSTAL CORAL SEA AMBER RED STARFISH FIGURINE #05711-1 BRAND NIB SAVE$ F/SH,BHD 174,US Store
88,2022-10-04 19:41:12,Ubuy,daum,https://i.ebayimg.com/thumbs/images/g/9QUAAOSw6hRiB~0k/s-l225.jpg,https://www.ubuy.com.bh/en/product/4KO1MTTUG-daum-numbered-ed-rose-passion-green-orange-vase-small-05287-2-brand-nib-f-sh,DAUM NUMBERED ED ROSE PASSION GREEN & ORANGE VASE SMALL #05287-2 BRAND NIB F/SH,BHD 711,US Store
89,2022-10-04 19:41:12,Ubuy,daum,https://i.ebayimg.com/thumbs/images/g/aKMAAOSwWcNikoum/s-l225.jpg,https://www.ubuy.com.bh/en/product/54M18LF6U-new-daum-numbered-ed-rose-passion-yellow-vase-small-05287-8-brand-nib-f-sh,NEW DAUM NUMBERED ED ROSE PASSION YELLOW VASE SMALL #05287-8 BRAND NIB F/SH,BHD 711,US Store
90,2022-10-04 19:41:12,Ubuy,daum,https://i.ebayimg.com/thumbs/images/g/AYAAAOSwm8dhJpMn/s-l225.jpg,https://www.ubuy.com.bh/en/product/3NBT57TC2-new-daum-crystal-numbered-ed-red-tulip-vase-small-05213-5-brand-nib-french-f-s,NEW DAUM CRYSTAL NUMBERED ED. RED TULIP VASE SMALL #05213-5 BRAND NIB FRENCH F/S,BHD 711,US Store
91,2022-10-04 19:41:12,Ubuy,daum,https://i.ebayimg.com/thumbs/images/g/SVEAAOSwNuBhJoh1/s-l225.jpg,https://www.ubuy.com.bh/en/product/3NBT57PAE-new-daum-crystal-ganesha-dark-amber-figurine-01282-3-brand-nib-hindu-save-f-sh,NEW DAUM CRYSTAL GANESHA DARK AMBER FIGURINE #01282-3 BRAND NIB HINDU SAVE$ F/SH,BHD 209,US Store
92,2022-10-04 19:41:12,Ubuy,daum,https://i.ebayimg.com/thumbs/images/g/LnIAAOSwaedjKc13/s-l225.jpg,https://www.ubuy.com.bh/en/product/7ILDYQIIQ-daum-dome-interior-figurine,Daum Dome Interior Figurine,BHD 133,US Store
93,2022-10-04 19:41:12,Ubuy,daum,https://m.media-amazon.com/images/I/619StqOwLWL._AC_US218_.jpg,https://www.ubuy.com.bh/en/product/18QA1F4-dentinox-daum-exol-film-forming-solution-10-ml-against-sucking-toes-and-nail-biting,Dentinox Daum-Exol Film-Forming Solution - 10 Ml Against Sucking Toes And Nail Biting,BHD 8,US Store
94,2022-10-04 19:41:12,Ubuy,daum,https://m.media-amazon.com/images/I/51mCfdxxopL._AC_US218_.jpg,https://www.ubuy.com.bh/en/product/7IJ3CGEA2-daum-green-amber-small-fish-in-anemone-sculpture-5458-c,Daum Green/Amber Small Fish in Anemone Sculpture #5458/C,BHD 161,US Store
95,2022-10-04 19:41:12,Ubuy,daum,https://m.media-amazon.com/images/I/31AwGVx-TvL._AC_US218_.jpg,https://www.ubuy.com.bh/en/product/7H0BELZOG-daum-silverback-gorilla-in-blue-grey-by-jean-no,Daum Silverback Gorilla in Blue Grey by Jean-No,BHD 5907,US Store
96,2022-10-04 19:41:12,Ubuy,daum,https://m.media-amazon.com/images/I/51JaJzkPufL._AC_US218_.jpg,https://www.ubuy.com.bh/en/product/5BL4AUK40-daum-crystal-tulipe-ultraviolet-vase-03574-6,Daum Crystal Tulipe Ultraviolet Vase 03574-6,BHD 2570,US Store
97,2022-10-04 19:41:12,Ubuy,daum,https://m.media-amazon.com/images/I/51RJ9oHIFFL._AC_US218_.jpg,https://www.ubuy.com.bh/en/product/79Q69X9H8-daum-crystal-palm-vase-03458,Daum Crystal Palm Vase 03458,BHD 7582,US Store
98,2022-10-04 19:41:12,Ubuy,daum,https://m.media-amazon.com/images/I/41q4-36KY0L._AC_US218_.jpg,https://www.ubuy.com.bh/en/product/7IJ3CFDLK-daum-crystal-vase-blue-03574-7,Daum Crystal Vase Blue 03574-7,BHD 2570,US Store
99,2022-10-04 19:41:12,Ubuy,daum,https://m.media-amazon.com/images/I/61ST4OuGrWL._AC_US218_.jpg,https://www.ubuy.com.bh/en/product/47ZNT2B40-daum-crystal-budgerigars-couple-amber-02681-1,Daum Crystal Budgerigars Couple Amber 02681-1,BHD 216,US Store
100,2022-10-04 19:41:12,Ubuy,daum,https://m.media-amazon.com/images/I/61E34o-0PfL._AC_US218_.jpg,https://www.ubuy.com.bh/en/product/4CW49CEK8-daum-daum-coat-of-arms-and-family-crest-notebook-journal-6-x-9-100-pages,Daum: Daum Coat of Arms and Family Crest Notebook Journal (6 x 9 - 100 pages),BHD 6,US Store
101,2022-10-04 19:41:12,Ubuy,daum,https://m.media-amazon.com/images/I/716K6txU-WL._AC_US218_.jpg,https://www.ubuy.com.bh/en/product/7ILDYQMAW-daum-glass-animal-sculptures-collection-amber-sitted-cheetah,Daum Glass - Animal Sculptures Collection - Amber Sitted Cheetah,BHD 2925,US Store
102,2022-10-04 19:41:12,Ubuy,daum,https://m.media-amazon.com/images/I/61CNsLQC7eL._AC_US218_.jpg,https://www.ubuy.com.bh/en/product/7IJMM0O32-daum-crystal-hadrien-horse-03279,Daum Crystal Hadrien Horse 03279,BHD 3482,US Store
103,2022-10-04 19:41:13,Ubuy,daum,https://m.media-amazon.com/images/I/61V-ypTjpLL._AC_US218_.jpg,https://www.ubuy.com.bh/en/product/4LP39JOLQ-daum-crystal-blue-budgerigars-bird-couple-figurine-02681,Daum Crystal Blue Budgerigars Bird Couple Figurine #02681,BHD 216,US Store
104,2022-10-04 19:41:13,Ubuy,daum,https://m.media-amazon.com/images/I/51w2OxmKTPL._AC_US218_.jpg,https://www.ubuy.com.bh/en/product/7A1SDCJ2U-daum-crystal-large-vase-05717,Daum Crystal Large Vase 05717,BHD 4696,US Store
105,2022-10-04 19:41:13,Ubuy,daum,https://m.media-amazon.com/images/I/31JlilYc4KL._AC_US218_.jpg,https://www.ubuy.com.bh/en/product/2AZCLJ3W-daum-crystal-rose-passion-green-orange-vase-05287-2,Daum Crystal Rose Passion Green & Orange Vase 05287-2,BHD 638,US Store
106,2022-10-04 19:41:13,Ubuy,daum,https://m.media-amazon.com/images/I/31D1XArpkxL._AC_US218_.jpg,https://www.ubuy.com.bh/en/product/QTOSDDE8-daum-crystal-cat-mini-sitting-amber-kitten-05330-c,Daum Crystal Cat Mini Sitting Amber Kitten #05330/C,BHD 127,US Store
107,2022-10-04 19:41:13,Ubuy,daum,https://m.media-amazon.com/images/I/31VXUcClHHL._AC_US218_.jpg,https://www.ubuy.com.bh/en/product/SHM5V0GO-daum-crystal-cavalcade-carafe-horse-decanter,Daum Crystal Cavalcade Carafe Horse Decanter,BHD 960,US Store
108,2022-10-04 19:41:13,Ubuy,daum,https://m.media-amazon.com/images/I/819+eJuicSL._AC_US218_.jpg,https://www.ubuy.com.bh/en/product/471KUSAVC-i-daum-sewing-kit-for-kids-worldwide-landmarks-craft-kits-w-world-map-educational-arts-toys-for-kids-learning-felt-projects,"I-DAUM Sewing Kit for Kids - Worldwide Landmarks Craft kit w. World map, ...",BHD 16,US Store
109,2022-10-04 19:41:13,Ubuy,daum,https://m.media-amazon.com/images/I/41UOPcvqTDL._AC_US218_.jpg,https://www.ubuy.com.bh/en/product/498U9496K-daum-rose-passion-mini-bowl-dish-red-and-purple,"Daum Rose Passion Mini Bowl/Dish, Red and Purple",BHD 210,US Store
110,2022-10-04 19:41:13,Ubuy,daum,https://m.media-amazon.com/images/I/51I9QGFSaSL._AC_US218_.jpg,https://www.ubuy.com.bh/en/product/7C37IHX5W-daum-crystal-numbered-ed-butterfly-prestige-perfume-bottle-05518-1,Daum Crystal Numbered Ed. Butterfly Prestige Perfume Bottle #05518-1,BHD 509,US Store
111,2022-10-04 19:41:13,Ubuy,daum,https://m.media-amazon.com/images/I/41xs+Vf00QL._AC_US218_.jpg,https://www.ubuy.com.bh/en/product/1IL6LDRYO-daum-glass-animal-sculptures-collection-black-panther-on-green-tree,Daum Glass - Animal Sculptures Collection - Black Panther on Green Tree,BHD 647,US Store
112,2022-10-04 19:41:13,Ubuy,daum,https://m.media-amazon.com/images/I/414zwkPTXcL._AC_US218_.jpg,https://www.ubuy.com.bh/en/product/498U9494G-daum-safran-large-decorative-flower,Daum Safran Large Decorative Flower,BHD 233,US Store
113,2022-10-04 19:41:13,Ubuy,daum,https://m.media-amazon.com/images/I/41m-nnTaevL._AC_US218_.jpg,https://www.ubuy.com.bh/en/product/LZ0CXAIK-daum-crystal-amber-elephant-03917,Daum Crystal Amber Elephant 03917,BHD 258,US Store
114,2022-10-04 19:41:13,Ubuy,daum,https://m.media-amazon.com/images/I/51LPM2ud6GL._AC_US218_.jpg,https://www.ubuy.com.bh/en/product/SHM5V0QG-daum-couple-of-butterflies-prestige-bottle-perfume,Daum Couple of Butterflies Prestige Bottle Perfume,BHD 437,US Store
115,2022-10-04 19:41:13,Ubuy,daum,https://m.media-amazon.com/images/I/31s9c4m0OlL._AC_US218_.jpg,https://www.ubuy.com.bh/en/product/1GQEMO2VU-daum-crystal-roses-bowl,Daum Crystal Roses Bowl,BHD 914,US Store
116,2022-10-04 19:41:13,Ubuy,daum,https://m.media-amazon.com/images/I/51PgqCATsHL._AC_US218_.jpg,https://www.ubuy.com.bh/en/product/15AOHTQAY-daum-crystal-roses-ultraviolet-vase-03547-2,Daum Crystal Roses Ultraviolet Vase 03547-2,BHD 2800,US Store
117,2022-10-04 19:41:13,Ubuy,daum,https://m.media-amazon.com/images/I/41+JMGEjGJL._AC_US218_.jpg,https://www.ubuy.com.bh/en/product/4EVB0U000-daum-small-crystal-picture-frame-3-1-2-x-3-1-2,"Daum Small Crystal Picture Frame (3 1/2"" x 3 1/2"")",BHD 223,US Store
118,2022-10-04 19:41:13,Ubuy,daum,https://m.media-amazon.com/images/I/31Er-CGXMzL._AC_US218_.jpg,https://www.ubuy.com.bh/en/product/1GZ0ZYV5W-daum-crystal-tulipe-vase-white-05213-3,Daum Crystal Tulipe Vase White 05213-3,BHD 527,US Store
119,2022-10-04 19:41:13,Ubuy,daum,https://m.media-amazon.com/images/I/51Kv447fVPL._AC_US218_.jpg,https://www.ubuy.com.bh/en/product/4EVB0TZQ8-daum-grey-glass-picture-frame-with-3-crystal-flowers-blue-green,Daum Grey Glass Picture Frame with 3 Crystal Flowers (Blue Green),BHD 302,US Store
120,2022-10-04 19:41:13,Ubuy,daum,https://m.media-amazon.com/images/I/61+-xQVSSXL._AC_US218_.jpg,https://www.ubuy.com.bh/en/product/168U8X6EO-daum-crystal-roses-vase-02570,Daum Crystal Roses Vase 02570,BHD 849,US Store
121,2022-10-04 19:41:13,Ubuy,daum,https://m.media-amazon.com/images/I/41kz+DoFIdL._AC_US218_.jpg,https://www.ubuy.com.bh/en/product/4CW49CEM2-daum-webster-x27-s-timeline-history-1635-2007,"Daum: Webster's Timeline History, 1635 - 2007",BHD 11,US Store
122,2022-10-04 19:41:13,Ubuy,daum,https://m.media-amazon.com/images/I/31DR47S8MHL._AC_US218_.jpg,https://www.ubuy.com.bh/en/product/1N6KGBFXO-daum-crystal-sailfish-sculpture,Daum Crystal Sailfish Sculpture,BHD 42,US Store
123,2022-10-04 19:41:13,Ubuy,daum,https://m.media-amazon.com/images/I/51xlQZpyUsL._AC_US218_.jpg,https://www.ubuy.com.bh/en/product/WOVDF8JA-hiding-and-seeking-faith-and-tolerance-after-the-holocaust,Hiding and Seeking: Faith and Tolerance After the Holocaust,BHD 9,US Store
124,2022-10-04 19:41:13,Ubuy,daum,https://m.media-amazon.com/images/I/61bQF9gSXQL._AC_US218_.jpg,https://www.ubuy.com.bh/en/product/7MUX39ON8-6-colors-swan-crystal-glass-figurine-diamond-swan-animals-paperweight-table-decor-ornament-kids-birthday-gifts,6 Colors Swan Crystal Glass Figurine Diamond Swan Animals Paperweight Table Decor ...,BHD 11,US Store
125,2022-10-04 19:41:13,Ubuy,daum,https://m.media-amazon.com/images/I/51YyiHu5abL._AC_US218_.jpg,https://www.ubuy.com.bh/en/product/4JGE0L0CO-daum-crystal-kea-blue-pink-03182-1,Daum Crystal Kea Blue Pink 03182-1,BHD 568,US Store
126,2022-10-04 19:41:13,Ubuy,daum,https://m.media-amazon.com/images/I/61rQn8CGK6L._AC_US218_.jpg,https://www.ubuy.com.bh/en/product/1O4JH1E8-donoucls-crystal-flower-bud-vase-christmas-decorations-for-home-wedding-vase-or-gift-clear-with-gift,"Donoucls Crystal Flower Bud Vase, Christmas Decorations for Home Wedding or Gift - ...",BHD 30,US Store
127,2022-10-04 19:41:13,Ubuy,daum,https://m.media-amazon.com/images/I/214g0t34+TL._AC_US218_.jpg,https://www.ubuy.com.bh/en/product/4MDM8ERZ2-daum-amber-florero-tulipe-vase,Daum Amber Florero Tulipe Vase,BHD 748,US Store
128,2022-10-04 19:41:13,Ubuy,daum,https://m.media-amazon.com/images/I/71h4ahliWNL._AC_US218_.jpg,https://www.ubuy.com.bh/en/product/LC35JENE-a-wish-for-you-wedding-blessing-quote-wedding-gift-sign-by-meijiafei,A Wish For You Wedding Blessing Quote Wedding Gift Sign By meijiafei,BHD 11,US Store
129,2022-10-04 19:41:13,Ubuy,daum,https://m.media-amazon.com/images/I/31IIoZEm5eL._AC_US218_.jpg,https://www.ubuy.com.bh/en/product/QTOSDOBO-daum-crystal-little-happy-buddha-03955,Daum Crystal Little Happy Buddha 03955,BHD 210,US Store
130,2022-10-04 19:41:13,Ubuy,daum,https://m.media-amazon.com/images/I/514Cj1bDM2L._AC_US218_.jpg,https://www.ubuy.com.bh/en/product/48CJ0L8NK-daum-crystal-turquoise-mini-turtle-02690-10c,Daum Crystal Turquoise Mini Turtle #02690-10C,BHD 106,US Store
131,2022-10-04 19:41:13,Ubuy,daum,https://m.media-amazon.com/images/I/51JEaGjG-FL._AC_US218_.jpg,https://www.ubuy.com.bh/en/product/4QOCYWNUM-daum-crystal-amber-yellow-butterfly-figurine-05737,Daum Crystal Amber-Yellow Butterfly Figurine #05737,BHD 152,US Store
132,2022-10-04 19:41:13,Ubuy,daum,https://m.media-amazon.com/images/I/81dSvKgakXL._AC_US218_.jpg,https://www.ubuy.com.bh/en/product/4SKNII55Q-building-your-custom-home-for-dummies-2nd-edition,Building Your Custom Home For Dummies: 2nd Edition,"BHD 18
26",US Store
133,2022-10-04 19:41:13,Ubuy,daum,https://m.media-amazon.com/images/I/61JD2kTJJVL._AC_US218_.jpg,https://www.ubuy.com.bh/en/product/7IJ3CFDJQ-daum-crystal-cheetah-black-02677-1,Daum Crystal Cheetah Black 02677-1,BHD 2580,US Store
134,2022-10-04 19:41:13,Ubuy,daum,https://m.media-amazon.com/images/I/41gCFeXaGkL._AC_US218_.jpg,https://www.ubuy.com.bh/en/product/QTOSDHTC-daum-bowl-figue,Daum Bowl Figue,BHD 810,US Store
135,2022-10-04 19:41:14,Ubuy,daum,https://target.scene7.com/is/image/Target/GUEST_dbe19a34-4ab9-4c97-ba6d-b086107c36ad,https://www.ubuy.com.bh/en/product/4CW49JQRK-the-problem-with-everything-by-meghan-daum,The Problem with Everything - by Meghan Daum,"BHD 11
17",US Store
136,2022-10-04 19:41:14,Ubuy,daum,https://target.scene7.com/is/image/Target/GUEST_85159160-0957-48af-9eb6-e9dcd9e0242c,https://www.ubuy.com.bh/en/product/3UL2EEA9C-selfish-shallow-and-self-absorbed-by-meghan-daum-paperback,"Selfish, Shallow, and Self-Absorbed - by Meghan Daum (Paperback)","BHD 11
13",US Store
137,2022-10-04 19:41:14,Ubuy,daum,https://target.scene7.com/is/image/Target/GUEST_cec61b74-667c-4705-9d42-9d50a552f8a8,https://www.ubuy.com.bh/en/product/42I50R2NU-the-unspeakable-by-meghan-daum-paperback,The Unspeakable - by Meghan Daum (Paperback),"BHD 10
13",US Store
138,2022-10-04 19:41:14,Ubuy,daum,https://target.scene7.com/is/image/Target/GUEST_d1c3376d-20ce-4d80-8efe-6c0d5abfac2d,https://www.ubuy.com.bh/en/product/42I8EZTS0-my-misspent-youth-by-meghan-daum-paperback,My Misspent Youth - by Meghan Daum (Paperback),"BHD 11
13",US Store
139,2022-10-04 19:41:14,Ubuy,daum,https://target.scene7.com/is/image/Target/GUEST_bdba8981-c13d-4111-8e03-da09dda0908d,https://www.ubuy.com.bh/en/product/541YYN2TA-roar-get-heard-in-the-sales-and-marketing-jungle-by-kevin-daum-hardcover,Roar! Get Heard in the Sales and Marketing Jungle - by Kevin Daum (Hardcover),"BHD 11
15",US Store
140,2022-10-04 19:41:14,Ubuy,daum,https://target.scene7.com/is/image/Target/GUEST_54ef6082-2c4f-4423-b118-81a3d204d26c,https://www.ubuy.com.bh/en/product/46ENHIN8E-your-insiders-guide-to-retirement-by-troy-b-daum-gordon-tudor-jeff-poole-paperback,Your Insiders' Guide to Retirement - by Troy B Daum & Gordon Tudor & Jeff Poole ...,BHD 13,US Store
141,2022-10-04 19:41:14,Ubuy,daum,https://target.scene7.com/is/image/Target/GUEST_a9307f27-b9f4-4031-9ea9-8ecc26f3da8e,https://www.ubuy.com.bh/en/product/4CW49JQZ8-the-little-floofs-book-of-money-by-audrey-daum-hardcover,The Little Floofs' Book of Money - by Audrey Daum (Hardcover),"BHD 15
16",US Store
142,2022-10-04 19:41:14,Ubuy,daum,https://target.scene7.com/is/image/Target/GUEST_bc65ed01-c609-4aed-ac15-2b3b9ee660a9,https://www.ubuy.com.bh/en/product/541YYN2JS-mom-s-the-word-by-linda-a-carson-jill-daum-alison-kelly-paperback,Mom's the Word - by Linda A Carson & Jill Daum & Alison Kelly (Paperback),BHD 11,US Store
143,2022-10-04 19:41:14,Ubuy,daum,https://target.scene7.com/is/image/Target/GUEST_adae59cb-8121-4d97-8bf1-d4fad5dae1e0,https://www.ubuy.com.bh/en/product/3MSJNHW5I-building-your-custom-home-for-dummies-2nd-edition-by-kevin-daum-janice-brewster-peter-economy-anne-mary-ciminelli-paperback,Building Your Custom Home for Dummies - 2nd Edition by Kevin Daum & Janice ...,"BHD 12
16",US Store
144,2022-10-04 19:41:14,Ubuy,daum,https://images.thdstatic.com/productImages/7995b05f-d8db-47ed-a4a7-d12e8f8b8e49/svn/black-white-and-blue-minky-ironing-boards-hh40201120m-64_300.jpg,https://www.ubuy.com.bh/en/product/15ASK9C1U-ergo-ironing-board,Ergo Ironing Board,BHD 43,US Store
145,2022-10-04 19:41:14,Ubuy,daum,https://images.thdstatic.com/productImages/8ad1610a-5edf-46d9-b297-ef617f87e4fd/svn/stainless-steel-glacier-bay-drop-in-kitchen-sinks-4332f-64_300.jpg,https://www.ubuy.com.bh/en/product/4SJG0M2O8-all-in-1-brushed-nickle-18-gauge-stainless-steel-33-in-single-bowl-r10-drop-in-workstation-kitchen-sink-with-faucet,AIO Drop-in/Undermount 18G Stainless Steel 33 in. Single Bowl Double Ledge ...,BHD 239,US Store
146,2022-10-04 19:41:14,Ubuy,daum,https://images.thdstatic.com/productImages/57e0945a-5c64-4380-9404-7d1e21f38343/svn/gain-laundry-detergents-003700060402-64_300.jpg,https://www.ubuy.com.bh/en/product/157M3F3PQ-105-oz-eco-box-original-liquid-laundry-detergent-96-loads,105 oz Eco Box Original Liquid Laundry Detergent (96 Loads),BHD 13,US Store
147,2022-10-04 19:41:14,Ubuy,daum,https://images.thdstatic.com/productImages/8db1616d-cbdd-48a6-90b4-c990fa38271b/svn/blacks-postal-pro-post-mount-mailboxes-pp1000blm-64_300.jpg,https://www.ubuy.com.bh/en/product/15UM0S058-ambrose-black-post-mount-mailbox,Ambrose Black Post Mount Mailbox,BHD 15,US Store
148,2022-10-04 19:41:14,Ubuy,daum,https://images.thdstatic.com/productImages/09a694e0-b092-4167-9e4b-c72b1b605fa3/svn/stainless-steel-panasonic-countertop-microwaves-nn-sc73ls-64_300.jpg,https://www.ubuy.com.bh/en/product/42288J290-1-6-cu-ft-countertop-microwave-in-stainless-steel-built-in-capable-with-inverter-technology-and-genius-sensor-cooking,1.6 cu. ft. Countertop Microwave in Stainless Steel Built-In Capable with Inverter ...,BHD 111,US Store
149,2022-10-04 19:41:14,Ubuy,daum,https://images.thdstatic.com/productImages/69218c06-e251-4168-8ef9-9abd36fec296/svn/dupray-steam-cleaners-dup020wna-64_300.jpg,https://www.ubuy.com.bh/en/product/14ZK57W9K-neat-steam-cleaner-multi-purpose-heavy-duty-steamer-for-floors-cars-home-use-and-more,"Neat Steam Cleaner Multi-Purpose Heavy-Duty Steamer for Floors, Cars, Home Use and ...",BHD 85,US Store
150,2022-10-04 19:41:14,Ubuy,daum,https://images.thdstatic.com/productImages/ade55eb3-3d92-46cf-a2e3-ace673fe9949/svn/cognac-hampton-bay-kitchen-cabinet-moulding-kams-cog-64_300.jpg,https://www.ubuy.com.bh/en/product/15AMFCOG0-90-x-0-75-x-0-19-in-scribe-molding-in-cognac,90 x 0.75 x 0.19 in. Scribe Molding in Cognac,BHD 15,US Store
151,2022-10-04 19:41:14,Ubuy,daum,https://images.thdstatic.com/productImages/25443e8c-ccfa-4c3f-adc8-cada51e9dc1f/svn/espresso-winsome-nightstands-92815-64_300.jpg,https://www.ubuy.com.bh/en/product/15I9B5I5W-eugene-accent-table-espresso,Eugene Accent Table Espresso,BHD 26,US Store
152,2022-10-04 19:41:14,Ubuy,daum,https://images.thdstatic.com/productImages/5b068753-8f93-4c80-b23d-bcfe543f33a3/svn/natural-home-decorators-collection-area-rugs-8959860015x7-64_300.jpg,https://www.ubuy.com.bh/en/product/14ZLMDM38-safi-natural-5-ft-x-7-ft-solid-area-rug,Safi Natural 5 ft. x 7 ft. Solid Area Rug,BHD 87,US Store
153,2022-10-04 19:41:14,Ubuy,daum,https://images.thdstatic.com/productImages/d093dd7f-a09f-4e15-af8c-17713ab501e5/svn/ecru-brabantia-ironing-boards-347764-64_300.jpg,https://www.ubuy.com.bh/en/product/158BZ970S-ironing-board-b-with-steam-iron-rest,"Ironing Board B with Steam Iron Rest, Ecru Cream Cover and White Frame",BHD 49,US Store
154,2022-10-04 19:41:14,Ubuy,daum,https://images.thdstatic.com/productImages/d17e17e7-47f0-4b57-9c9e-598a4344a092/svn/seville-classics-kitchen-drawer-organizers-bmb17036-64_300.jpg,https://www.ubuy.com.bh/en/product/157MJ0LNK-bamboo-expandable-5-large-compartment-adjustable-cutlery-drawer-tray-organizer,Bamboo Expandable 5 Large Compartment Adjustable Cutlery Drawer Tray Organizer,BHD 17,US Store
155,2022-10-04 19:41:14,Ubuy,daum,https://images.thdstatic.com/productImages/d0c28018-0301-4f60-9364-9b9119cc17bd/svn/odoban-odor-eliminators-9735c61-14z-64_300.jpg,https://www.ubuy.com.bh/en/product/167NR1FBC-14-oz-fresh-linen-odor-absorber,"14 oz. Fresh Linen Solid Odor Absorber, Odor Eliminator for Smoke Odor & Musty ...",BHD 7,US Store
156,2022-10-04 19:41:14,Ubuy,daum,https://images.thdstatic.com/productImages/92014f22-d3cc-4fd8-9f02-10055218d992/svn/richelieu-hardware-cabinet-knobs-bp78532180-64_300.jpg,https://www.ubuy.com.bh/en/product/7MUX3CW40-prevost-collection-1-11-16-in-43-mm-x-1-1-8-in-28-mm-polished-nickel-transitional-cabinet-knob,Prévost Collection 1-11/16 in. (43 mm) x 1-1/8 in. (28 mm) Polished Nickel ...,BHD 7,US Store
157,2022-10-04 19:41:14,Ubuy,daum,https://images.thdstatic.com/productImages/de6628b6-66e3-47e5-96ea-74070429a035/svn/cream-nuloom-area-rugs-owmn09a-2608-64_300.jpg,https://www.ubuy.com.bh/en/product/1JBVENR6G-vintage-tanith-cream-3-ft-x-8-ft-runner,Vintage Tanith Cream 3 ft. x 8 ft. Runner Rug,BHD 23,US Store
158,2022-10-04 19:41:14,Ubuy,daum,https://images.thdstatic.com/productImages/cf58d651-c191-4c61-ac6a-70d8eaf9a03e/svn/beige-jayden-creation-accent-chairs-ma3288-beige-s2-64_300.jpg,https://www.ubuy.com.bh/en/product/15IBD6FSG-jane-beige-tufted-accent-chair-set-of-2,Jane Beige Tufted Accent Chair (Set of 2),BHD 164,US Store
159,2022-10-04 19:41:14,Ubuy,daum,https://images.thdstatic.com/productImages/40757f85-b2f7-459f-9bda-eb7fedfd5e46/svn/pool-stain-removers-01192-64_300.jpg,https://www.ubuy.com.bh/en/product/158F5V09M-12-lbs-baking-soda-pool-cleaner,12 lb. Baking Soda,BHD 9,US Store
160,2022-10-04 19:41:14,Ubuy,daum,https://images.thdstatic.com/productImages/d2f72986-07e4-4a04-b892-699d3722ea01/svn/vevor-chafing-dishes-4xdzzdscl00000001v0-64_300.jpg,https://www.ubuy.com.bh/en/product/4FF9UMY12-8-qt-stainless-steel-chafing-dishes-with-folding-frame-4-packs-party-chafing-cookware-bakeware-set-for-wedding,4 Packs Chafing Dish Buffet Set 8 qt. Party Chafing Set with Folding Frame Chafer ...,BHD 83,US Store
161,2022-10-04 19:41:14,Ubuy,daum,https://images.thdstatic.com/productImages/2eb10865-8772-4de8-87c0-30f8334d5b3d/svn/navy-jayden-creation-accent-chairs-chm0406-navy-64_300.jpg,https://www.ubuy.com.bh/en/product/7BZX4BD9Y-imperia-navy-armchair-with-turned-legs,Imperia Navy Armchair with Turned Legs,BHD 133,US Store
162,2022-10-04 19:41:14,Ubuy,daum,https://images.thdstatic.com/productImages/ecc28147-5ba9-4c65-b492-43d52dfc7737/svn/distressed-brown-simpli-home-ottomans-axcpf-14-64_300.jpg,https://www.ubuy.com.bh/en/product/156MJKT1G-brody-transitional-square-pouf-in-distressed-brown-faux-leather,Brody Boho Square Pouf in Distressed Brown Faux Leather,BHD 68,US Store
163,2022-10-04 19:41:14,Ubuy,daum,https://images.thdstatic.com/productImages/31d93cb9-c6d3-41c7-b3a9-1674040dce9b/svn/white-fotile-toaster-ovens-hyzk26-e1-64_300.jpg,https://www.ubuy.com.bh/en/product/421024WCC-chef-cubii-1550-watt-6-slice-white-convection-steam-oven-with-air-fryer-and-food-dehydrator,ChefCubii 1550-Watt 6-Slice White Convection Steam Oven with Air Fryer and Food ...,BHD 215,US Store
164,2022-10-04 19:41:14,Ubuy,daum,https://images.thdstatic.com/productImages/a7833edc-d9a6-4c91-ad8f-65251cab4146/svn/white-brookside-computer-desks-bs0002dsk39wh-64_300.jpg,https://www.ubuy.com.bh/en/product/3UZP8NER2-delia-39-4-in-rectangular-white-metal-computer-desk-with-folding-legs,Delia 39.4 in. Rectangular White Metal Computer Desk with Folding Legs,BHD 46,US Store
165,2022-10-04 19:41:14,Ubuy,daum,https://images.thdstatic.com/productImages/6a5e3511-f314-4f7e-b1bb-591e1c1f4fff/svn/red-galanz-espresso-machines-glec02rdre14-64_300.jpg,https://www.ubuy.com.bh/en/product/4PW5TPYQ4-2-cup-red-espresso-machine-with-retro-design,2-Cup Red Espresso Machine with Retro Design,BHD 83,US Store
166,2022-10-04 19:41:15,Ubuy,daum,https://images.thdstatic.com/productImages/5c606586-6eea-4d10-bbac-2e34bbb8e4f8/svn/aqua-artistic-weavers-area-rugs-s00161017865-64_300.jpg,https://www.ubuy.com.bh/en/product/1571B8RXK-yamikani-aqua-5-ft-x-7-ft-abstract-area-rug,Yamikani Aqua 5 ft. x 7 ft. Abstract Area Rug,BHD 42,US Store
167,2022-10-04 19:41:15,Ubuy,daum,https://images.thdstatic.com/productImages/17441f11-3960-4f6b-a0a1-a42b573aa933/svn/chrome-artika-chandeliers-pdt-mac-cr-64_300.jpg,https://www.ubuy.com.bh/en/product/42CP7CE7C-maelstrom-25-watt-integrated-led-chrome-pendant,Maelstrom 25-Watt Integrated LED Chrome Modern Hanging Pendant Chandelier for ...,BHD 121,US Store
168,2022-10-04 19:41:15,Ubuy,daum,https://images.thdstatic.com/productImages/61bf794c-111d-41db-99d8-444c111db2a2/svn/fabuloso-all-purpose-cleaners-53122-64_300.jpg,https://www.ubuy.com.bh/en/product/19RBWACG0-169-oz-lavender-all-purpose-cleaner,169 oz. Lavender All-Purpose Cleaner,BHD 8,US Store
169,2022-10-04 19:41:15,Ubuy,daum,https://images.thdstatic.com/productImages/31cd2988-3d29-413d-a18b-b4f9a6bf7061/svn/as-seen-on-tv-food-choppers-2705mo-hd-64_300.jpg,https://www.ubuy.com.bh/en/product/156J97JK6-nutri-chopper-5-in-1-compact-portable-handheld-kitchen-slicer-with-storage-container,Nutri Chopper 5-in-1 Compact Portable Handheld Kitchen Slicer with Storage Container,BHD 14,US Store
170,2022-10-04 19:41:15,Ubuy,daum,https://images.thdstatic.com/productImages/866ae571-06c9-45db-866e-ff6fd7e20981/svn/matrix-vinyl-lattice-b-ta1809f-ch-64_300.jpg,https://www.ubuy.com.bh/en/product/1H1HYXGC6-0-3-in-x-71-in-x-2-95-ft-tangle-decorative-screen-panel-with-slimline-frame,0.3 in. x 71 in. x 2.95 ft. Tangle Decorative Screen Panel with Slimline Frame,BHD 35,US Store
171,2022-10-04 19:41:15,Ubuy,daum,https://images.thdstatic.com/productImages/901dd484-4b35-408e-827d-656986fd0a78/svn/brown-vecelo-nightstands-khd-dc-ns01-brown-a2-64_300.jpg,https://www.ubuy.com.bh/en/product/5AVVY26JK-nightstands-x-design-side-end-table-night-stand-storage-shelf-with-drawer-11-8wx-15-8l-x-21-7h-retro-brown-2-pcs,Nightstands X-Design Side End Table Night Stand Storage Shelf with Drawer 11.8Wx ...,BHD 51,US Store
172,2022-10-04 19:41:15,Ubuy,daum,https://images.thdstatic.com/productImages/f2e59d68-bbbb-4152-9b33-991ed966d7c5/svn/cascade-dishwasher-detergent-003700098208-64_300.jpg,https://www.ubuy.com.bh/en/product/14ZML92H8-complete-actionpacs-fresh-scent-dishwasher-detergent-with-dawn-43-count,Complete ActionPacs Fresh Scent Dishwasher Detergent with Dawn (43-Count),BHD 11,US Store
173,2022-10-04 19:41:15,Ubuy,daum,https://images.thdstatic.com/productImages/bcdf0499-a8cf-4091-a4fe-97826e3bb2b5/svn/grey-jayden-creation-accent-chairs-hchs0105-grey-64_300.jpg,https://www.ubuy.com.bh/en/product/53ELRFM6I-hallstatt-retro-color-grey-accent-arm-chair-with-wood-base,Hallstatt Retro Color Grey Accent Arm Chair with Wood Base,BHD 165,US Store
174,2022-10-04 19:41:15,Ubuy,daum,https://images.thdstatic.com/productImages/96c127cd-d02e-4768-8fa1-a8ae8b7309f5/svn/square-d-filler-plates-homfpcp-64_300.jpg,https://www.ubuy.com.bh/en/product/15YWJE42W-homeline-filler-plates-3-pack,Homeline 1 in. Load Center Filler Plates(3-Pack)(HOMFPCP),BHD 8,US Store
175,2022-10-04 19:41:15,Ubuy,daum,https://images.thdstatic.com/productImages/e3f2d11d-f614-4b1e-880d-c3d0d197bccb/svn/harris-insect-killer-granules-de-fg4-64_300.jpg,https://www.ubuy.com.bh/en/product/14ZLCRE02-4-lbs-64-oz-diatomaceous-earth-food-grade-100,4 lbs. (64 oz.) Diatomaceous Earth Food Grade 100,BHD 9,US Store
176,2022-10-04 19:41:15,Ubuy,daum,https://images.thdstatic.com/productImages/eaff3585-d317-4080-b705-f6f5e2ec7ea0/svn/commercial-electric-wire-connectors-wire-terminals-goec-ibtb-24-64_300.jpg,https://www.ubuy.com.bh/en/product/15MVT0C04-intersystem-bonding-bridge-aluminum-wire-connector,Intersystem Bonding Bridge Aluminum Wire Connector,BHD 16,US Store
177,2022-10-04 19:41:15,Ubuy,daum,https://images.thdstatic.com/productImages/c6951912-4a9c-4eef-8a8d-36f136f86377/svn/manor-brook-bird-bath-fountains-mb100612-64_300.jpg,https://www.ubuy.com.bh/en/product/1IKQGAUUW-odani-ivory-ceramic-birdbath,Odani Ivory Ceramic Birdbath,BHD 76,US Store
178,2022-10-04 19:41:15,Ubuy,daum,https://images.thdstatic.com/productImages/79fd8411-d454-4fe2-9749-5ab6e4e10502/svn/perennials-10482-64_300.jpg,https://www.ubuy.com.bh/en/product/4YILV7BHK-butterfly-weed-asclepias-tuberosa-plant,Butterfly Weed (Asclepias Tuberosa) Plant,BHD 13,US Store
179,2022-10-04 19:41:15,Ubuy,daum,https://images.thdstatic.com/productImages/3aa75c3b-7894-4ef4-8f41-2409a665d266/svn/black-home-beyond-dining-chairs-uc-6blk-64_300.jpg,https://www.ubuy.com.bh/en/product/158Y7PC74-savona-black-synthetic-leather-contemporary-dining-accent-chair-set-of-2,Savona Black Synthetic Leather Contemporary Dining Accent Chair Set of 2,BHD 77,US Store
180,2022-10-04 19:41:15,Ubuy,daum,https://images.thdstatic.com/productImages/1cb5c3a4-336e-45e0-8b73-40c5ec5f3246/svn/nuwallpaper-wallpaper-rolls-nu3672-64_300.jpg,https://www.ubuy.com.bh/en/product/155X2ZRTE-indigo-vinyl-peel-stick-washable-wallpaper-roll-covers-30-75-sq-ft,Indigo Vinyl Peel & Stick Washable Wallpaper Roll (Covers 30.75 Sq. Ft.),BHD 25,US Store
181,2022-10-04 19:41:15,Ubuy,daum,https://images.thdstatic.com/productImages/917d385d-6b6a-4497-b828-e1deaa53bb6e/svn/theochem-laboratories-all-purpose-cleaners-500158-g-64_300.jpg,https://www.ubuy.com.bh/en/product/156K93W48-in-cide-ready-to-use-disinfectant-gallon,"In-Cide, Ready to Use Disinfectant, Gallon",BHD 9,US Store
182,2022-10-04 19:41:15,Ubuy,daum,https://images.thdstatic.com/productImages/80c9976c-d9e7-4d64-8488-2d6a44bd920c/svn/oil-rubbed-bronze-parrot-uncle-ceiling-fans-with-lights-f6107110v-64_300.jpg,https://www.ubuy.com.bh/en/product/4MCPKLR6Y-divisadero-52-in-indoor-oil-rubbed-bronze-flush-mount-ceiling-fan-with-remote-and-light-kit-included,Divisadero 52 in. Indoor Oil Rubbed Bronze Flush Mount Ceiling Fan With Remote and ...,"BHD 115
127",US Store
183,2022-10-04 19:41:15,Ubuy,daum,https://images.thdstatic.com/productImages/72f7dfe3-80a2-4d26-bb99-1dfdedff371f/svn/grey-wash-home-source-industries-bar-cabinets-jz66-gw-hd-64_300.jpg,https://www.ubuy.com.bh/en/product/47WT6HV82-home-source-jill-zarin-tall-bar-cabinet-in-grey-wash-with-glass-doors,Home Source Jill Zarin Tall Bar Cabinet in Grey Wash with Glass Doors,BHD 198,US Store
184,2022-10-04 19:41:15,Ubuy,daum,https://images.thdstatic.com/productImages/8566a2a1-8328-4bf5-9843-3497f71ac3b3/svn/grey-home-beyond-dining-chairs-uc-13g-64_300.jpg,https://www.ubuy.com.bh/en/product/15867KUKU-colmar-grey-dining-side-chair-set-of-2,Colmar Grey Dining Side Chair (Set of 2),BHD 69,US Store
185,2022-10-04 19:41:15,Ubuy,daum,https://images.thdstatic.com/productImages/db180434-c46f-4865-a909-7804de7b9ba4/svn/vevor-specialty-kitchen-gadgets-sdymj-xxmb20cm001v0-64_300.jpg,https://www.ubuy.com.bh/en/product/4JFVYFGVO-7-87-in-stainless-steel-pizza-dough-press-0-2-in-thick-disc-pie-dough-roller-machine-with-cast-iron-base,7.9 in. Pizza Dough Press Machine 0.2 in. Thick Disc Dual Plates Stainless-Steel ...,BHD 58,US Store
186,2022-10-04 19:41:15,Ubuy,daum,https://images.thdstatic.com/productImages/09d746bf-5e81-4d17-8679-77b378c67264/svn/lem-kitchen-scales-435-64_300.jpg,https://www.ubuy.com.bh/en/product/15769OLYY-analog-food-scale,Analog Food Scale,BHD 25,US Store
187,2022-10-04 19:41:15,Ubuy,daum,https://images.thdstatic.com/productImages/8fc5eb27-57d2-49f8-b61f-d4fd011dd4ca/svn/ideal-electrical-grease-lubricants-30-024-64_300.jpg,https://www.ubuy.com.bh/en/product/15JYP5OS6-noalox-0-5-oz-anti-oxidant-joint-compound,Noalox Anti-Oxidant Coumpound 0.5 oz,BHD 7,US Store
188,2022-10-04 19:41:15,Ubuy,daum,https://images.thdstatic.com/productImages/8cda6445-d596-427f-a01f-325840c14fd6/svn/ramik-bait-stations-116334-64_300.jpg,https://www.ubuy.com.bh/en/product/4F8X5ZFSI-ramik-bars-4x-16-oz-bars-4-lbs-box,"Ramik Bars 4x 16 oz. Bars, 4 lbs. Box",BHD 16,US Store
189,2022-10-04 19:41:15,Ubuy,daum,https://images.thdstatic.com/productImages/07026b5c-2df6-48db-a5fe-938143bdee4a/svn/chrome-vigo-single-hole-bathroom-faucets-vg01009ch-64_300.jpg,https://www.ubuy.com.bh/en/product/15LRIQS6G-noma-single-hole-single-handle-bathroom-faucet-in-chrome,Noma Single-Handle Single Hole Bathroom Faucet in Chrome,BHD 59,US Store
190,2022-10-04 19:41:15,Ubuy,daum,https://images.thdstatic.com/productImages/9c0cf70f-3061-4cd8-b0f3-b35f72e50125/svn/odoban-all-purpose-cleaners-911801-g-64_300.jpg,https://www.ubuy.com.bh/en/product/3VXMP6JB6-1-gal-cotton-breeze-disinfectant-and-odor-eliminator-fabric-freshener-mold-control-multi-purpose-cleaner-concentrate,"1 Gal. Cotton Breeze Disinfectant and Odor Eliminator, Fabric Freshener, Mold ...",BHD 4 - 48,US Store
